[
{
  "pk": 1,
  "fields": {
    "updated_on": "2014-10-26T14:19:05.383Z",
    "name": "Republican",
    "created_on": "2014-10-24T00:40:51.254Z",
    "code": "REP"
  },
  "model": "ballot.party"
},
{
  "pk": 2,
  "fields": {
    "updated_on": "2014-10-26T14:18:33.668Z",
    "name": "Democratic",
    "created_on": "2014-10-26T12:33:27.890Z",
    "code": "DEM"
  },
  "model": "ballot.party"
},
{
  "pk": 3,
  "fields": {
    "updated_on": "2014-10-26T14:18:48.043Z",
    "name": "Libertarian",
    "created_on": "2014-10-26T12:33:33.887Z",
    "code": "LIB"
  },
  "model": "ballot.party"
},
{
  "pk": 4,
  "fields": {
    "updated_on": "2014-10-26T14:18:41.451Z",
    "name": "Green",
    "created_on": "2014-10-26T12:33:44.192Z",
    "code": "GRN"
  },
  "model": "ballot.party"
},
{
  "pk": 5,
  "fields": {
    "updated_on": "2014-10-26T14:19:01.248Z",
    "name": "Pirate",
    "created_on": "2014-10-26T12:33:54.898Z",
    "code": "PIR"
  },
  "model": "ballot.party"
},
{
  "pk": 6,
  "fields": {
    "updated_on": "2014-10-26T14:17:09.762Z",
    "name": "US Taxpayers",
    "created_on": "2014-10-26T14:17:09.762Z",
    "code": "UST"
  },
  "model": "ballot.party"
},
{
  "pk": 7,
  "fields": {
    "updated_on": "2014-10-26T14:19:35.729Z",
    "name": "Natural Law",
    "created_on": "2014-10-26T14:19:35.728Z",
    "code": "NL"
  },
  "model": "ballot.party"
},
{
  "pk": 8,
  "fields": {
    "updated_on": "2014-10-26T14:20:04.042Z",
    "name": "Reform",
    "created_on": "2014-10-26T14:20:04.042Z",
    "code": "REF"
  },
  "model": "ballot.party"
},
{
  "pk": 9,
  "fields": {
    "updated_on": "2014-10-26T14:20:22.595Z",
    "name": "Communist",
    "created_on": "2014-10-26T14:20:22.595Z",
    "code": "COM"
  },
  "model": "ballot.party"
},
{
  "pk": 10,
  "fields": {
    "updated_on": "2014-10-26T14:20:56.132Z",
    "name": "Socialist Equality",
    "created_on": "2014-10-26T14:20:56.131Z",
    "code": "SOE"
  },
  "model": "ballot.party"
},
{
  "pk": 11,
  "fields": {
    "updated_on": "2014-10-26T14:21:06.122Z",
    "name": "Socialist Workers",
    "created_on": "2014-10-26T14:21:06.122Z",
    "code": "SOW"
  },
  "model": "ballot.party"
},
{
  "pk": 1,
  "fields": {
    "updated_on": "2014-10-24T00:36:42.542Z",
    "code": "T",
    "created_on": "2014-10-24T00:36:42.542Z",
    "name": "Township"
  },
  "model": "ballot.unitlevel"
},
{
  "pk": 2,
  "fields": {
    "updated_on": "2014-10-26T12:34:28.939Z",
    "code": "V",
    "created_on": "2014-10-26T12:34:28.938Z",
    "name": "Village"
  },
  "model": "ballot.unitlevel"
},
{
  "pk": 3,
  "fields": {
    "updated_on": "2014-10-26T12:34:36.444Z",
    "code": "C",
    "created_on": "2014-10-26T12:34:36.444Z",
    "name": "City"
  },
  "model": "ballot.unitlevel"
},
{
  "pk": 4,
  "fields": {
    "updated_on": "2014-10-26T12:34:52.505Z",
    "code": "CO",
    "created_on": "2014-10-26T12:34:52.504Z",
    "name": "County"
  },
  "model": "ballot.unitlevel"
},
{
  "pk": 5,
  "fields": {
    "updated_on": "2014-10-26T12:35:41.609Z",
    "code": "S",
    "created_on": "2014-10-26T12:35:04.038Z",
    "name": "State"
  },
  "model": "ballot.unitlevel"
},
{
  "pk": 6,
  "fields": {
    "updated_on": "2014-10-26T12:35:50.495Z",
    "code": "F",
    "created_on": "2014-10-26T12:35:17.415Z",
    "name": "Federal"
  },
  "model": "ballot.unitlevel"
},
{
  "pk": 7,
  "fields": {
    "updated_on": "2014-10-26T14:04:10.735Z",
    "code": "CC",
    "created_on": "2014-10-26T14:04:10.734Z",
    "name": "Community College"
  },
  "model": "ballot.unitlevel"
},
{
  "pk": 1,
  "fields": {
    "updated_on": "2014-10-24T00:36:44.960Z",
    "unit_level": 1,
    "created_on": "2014-10-24T00:36:44.959Z",
    "name": "Acme Township"
  },
  "model": "ballot.governmentalunit"
},
{
  "pk": 2,
  "fields": {
    "updated_on": "2014-10-26T12:54:17.514Z",
    "unit_level": 1,
    "created_on": "2014-10-26T12:54:17.513Z",
    "name": "Blair Township"
  },
  "model": "ballot.governmentalunit"
},
{
  "pk": 3,
  "fields": {
    "updated_on": "2014-10-26T12:54:30.764Z",
    "unit_level": 1,
    "created_on": "2014-10-26T12:54:30.762Z",
    "name": "East Bay Charter Township"
  },
  "model": "ballot.governmentalunit"
},
{
  "pk": 4,
  "fields": {
    "updated_on": "2014-10-26T12:54:49.890Z",
    "unit_level": 1,
    "created_on": "2014-10-26T12:54:49.888Z",
    "name": "Fife Lake Township"
  },
  "model": "ballot.governmentalunit"
},
{
  "pk": 5,
  "fields": {
    "updated_on": "2014-10-26T12:55:04.114Z",
    "unit_level": 2,
    "created_on": "2014-10-26T12:55:04.111Z",
    "name": "Fife Lake"
  },
  "model": "ballot.governmentalunit"
},
{
  "pk": 6,
  "fields": {
    "updated_on": "2014-10-26T12:55:24.042Z",
    "unit_level": 1,
    "created_on": "2014-10-26T12:55:24.039Z",
    "name": "Garfield Charter Township"
  },
  "model": "ballot.governmentalunit"
},
{
  "pk": 7,
  "fields": {
    "updated_on": "2014-10-26T13:18:12.072Z",
    "unit_level": 1,
    "created_on": "2014-10-26T12:55:31.977Z",
    "name": "Green Lake Township"
  },
  "model": "ballot.governmentalunit"
},
{
  "pk": 8,
  "fields": {
    "updated_on": "2014-10-26T12:55:46.098Z",
    "unit_level": 1,
    "created_on": "2014-10-26T12:55:46.096Z",
    "name": "Grant Township"
  },
  "model": "ballot.governmentalunit"
},
{
  "pk": 9,
  "fields": {
    "updated_on": "2014-10-26T12:55:53.370Z",
    "unit_level": 2,
    "created_on": "2014-10-26T12:55:53.367Z",
    "name": "Kingsley"
  },
  "model": "ballot.governmentalunit"
},
{
  "pk": 10,
  "fields": {
    "updated_on": "2014-10-26T12:56:06.710Z",
    "unit_level": 1,
    "created_on": "2014-10-26T12:56:06.707Z",
    "name": "Long Lake Township"
  },
  "model": "ballot.governmentalunit"
},
{
  "pk": 11,
  "fields": {
    "updated_on": "2014-10-26T12:56:14.972Z",
    "unit_level": 1,
    "created_on": "2014-10-26T12:56:14.970Z",
    "name": "Mayfield Township"
  },
  "model": "ballot.governmentalunit"
},
{
  "pk": 12,
  "fields": {
    "updated_on": "2014-10-26T12:56:31.561Z",
    "unit_level": 1,
    "created_on": "2014-10-26T12:56:31.559Z",
    "name": "Paradise Township"
  },
  "model": "ballot.governmentalunit"
},
{
  "pk": 13,
  "fields": {
    "updated_on": "2014-10-26T12:56:50.278Z",
    "unit_level": 1,
    "created_on": "2014-10-26T12:56:50.275Z",
    "name": "Peninsula Township"
  },
  "model": "ballot.governmentalunit"
},
{
  "pk": 14,
  "fields": {
    "updated_on": "2014-10-26T12:57:04.804Z",
    "unit_level": 3,
    "created_on": "2014-10-26T12:57:04.802Z",
    "name": "Traverse City"
  },
  "model": "ballot.governmentalunit"
},
{
  "pk": 15,
  "fields": {
    "updated_on": "2014-10-26T12:57:17.201Z",
    "unit_level": 1,
    "created_on": "2014-10-26T12:57:17.198Z",
    "name": "Union Township"
  },
  "model": "ballot.governmentalunit"
},
{
  "pk": 16,
  "fields": {
    "updated_on": "2014-10-26T12:57:25.971Z",
    "unit_level": 1,
    "created_on": "2014-10-26T12:57:25.969Z",
    "name": "Whitewater Township"
  },
  "model": "ballot.governmentalunit"
},
{
  "pk": 17,
  "fields": {
    "updated_on": "2014-10-26T13:27:39.860Z",
    "unit_level": 4,
    "created_on": "2014-10-26T13:27:39.858Z",
    "name": "Grand Traverse County"
  },
  "model": "ballot.governmentalunit"
},
{
  "pk": 18,
  "fields": {
    "updated_on": "2014-10-26T13:41:50.043Z",
    "unit_level": 5,
    "created_on": "2014-10-26T13:41:50.041Z",
    "name": "State of Michigan"
  },
  "model": "ballot.governmentalunit"
},
{
  "pk": 19,
  "fields": {
    "updated_on": "2014-10-26T13:42:01.905Z",
    "unit_level": 6,
    "created_on": "2014-10-26T13:42:01.903Z",
    "name": "United States of America"
  },
  "model": "ballot.governmentalunit"
},
{
  "pk": 20,
  "fields": {
    "updated_on": "2014-10-26T14:04:12.400Z",
    "unit_level": 7,
    "created_on": "2014-10-26T14:04:12.398Z",
    "name": "Northwestern Michigan College"
  },
  "model": "ballot.governmentalunit"
},
{
  "pk": 2,
  "fields": {
    "updated_on": "2014-10-26T13:00:54.076Z",
    "code": "TC",
    "created_on": "2014-10-26T13:00:54.075Z",
    "name": "Traverse City"
  },
  "model": "ballot.precinctarea"
},
{
  "pk": 3,
  "fields": {
    "updated_on": "2014-10-26T13:38:02.382Z",
    "code": "AC",
    "created_on": "2014-10-26T13:01:07.545Z",
    "name": "Acme"
  },
  "model": "ballot.precinctarea"
},
{
  "pk": 4,
  "fields": {
    "updated_on": "2014-10-26T13:38:06.720Z",
    "code": "BL",
    "created_on": "2014-10-26T13:01:13.271Z",
    "name": "Blair"
  },
  "model": "ballot.precinctarea"
},
{
  "pk": 5,
  "fields": {
    "updated_on": "2014-10-26T13:01:25.916Z",
    "code": "EB",
    "created_on": "2014-10-26T13:01:25.916Z",
    "name": "East Bay"
  },
  "model": "ballot.precinctarea"
},
{
  "pk": 6,
  "fields": {
    "updated_on": "2014-10-26T13:38:22.741Z",
    "code": "FL",
    "created_on": "2014-10-26T13:01:36.965Z",
    "name": "Fife Lake"
  },
  "model": "ballot.precinctarea"
},
{
  "pk": 7,
  "fields": {
    "updated_on": "2014-10-26T13:38:28.411Z",
    "code": "GA",
    "created_on": "2014-10-26T13:01:47.904Z",
    "name": "Garfield"
  },
  "model": "ballot.precinctarea"
},
{
  "pk": 8,
  "fields": {
    "updated_on": "2014-10-26T13:38:38.721Z",
    "code": "GR",
    "created_on": "2014-10-26T13:02:13.709Z",
    "name": "Grant"
  },
  "model": "ballot.precinctarea"
},
{
  "pk": 9,
  "fields": {
    "updated_on": "2014-10-26T13:38:44.816Z",
    "code": "GL",
    "created_on": "2014-10-26T13:02:19.164Z",
    "name": "Green Lake"
  },
  "model": "ballot.precinctarea"
},
{
  "pk": 10,
  "fields": {
    "updated_on": "2014-10-26T13:02:29.299Z",
    "code": "LL",
    "created_on": "2014-10-26T13:02:29.299Z",
    "name": "Long Lake"
  },
  "model": "ballot.precinctarea"
},
{
  "pk": 11,
  "fields": {
    "updated_on": "2014-10-26T13:38:52.710Z",
    "code": "MA",
    "created_on": "2014-10-26T13:02:35.595Z",
    "name": "Mayfield"
  },
  "model": "ballot.precinctarea"
},
{
  "pk": 12,
  "fields": {
    "updated_on": "2014-10-26T13:38:59.738Z",
    "code": "PA",
    "created_on": "2014-10-26T13:02:48.950Z",
    "name": "Paradise"
  },
  "model": "ballot.precinctarea"
},
{
  "pk": 13,
  "fields": {
    "updated_on": "2014-10-26T13:39:04.068Z",
    "code": "PE",
    "created_on": "2014-10-26T13:02:55.347Z",
    "name": "Peninsula"
  },
  "model": "ballot.precinctarea"
},
{
  "pk": 14,
  "fields": {
    "updated_on": "2014-10-26T13:39:20.522Z",
    "code": "UN",
    "created_on": "2014-10-26T13:03:05.618Z",
    "name": "Union"
  },
  "model": "ballot.precinctarea"
},
{
  "pk": 15,
  "fields": {
    "updated_on": "2014-10-26T13:03:12.165Z",
    "code": "WW",
    "created_on": "2014-10-26T13:03:12.164Z",
    "name": "Whitewater"
  },
  "model": "ballot.precinctarea"
},
{
  "pk": 1,
  "fields": {
    "updated_on": "2014-10-26T13:03:47.880Z",
    "election_date": "2014-11-04",
    "created_on": "2014-10-24T00:36:09.118Z",
    "name": "General 2014"
  },
  "model": "ballot.election"
},
{
  "pk": 1,
  "fields": {
    "updated_on": "2014-10-26T13:04:53.006Z",
    "prec_area": 2,
    "prec_number": "1",
    "created_on": "2014-10-26T13:04:53.003Z",
    "polling_location": "Fire Station, 500 W. Front St. "
  },
  "model": "ballot.precinct"
},
{
  "pk": 2,
  "fields": {
    "updated_on": "2014-10-26T13:05:10.728Z",
    "prec_area": 2,
    "prec_number": "3",
    "created_on": "2014-10-26T13:05:10.727Z",
    "polling_location": "G.T. Heritage Center, 322 Sixth St. "
  },
  "model": "ballot.precinct"
},
{
  "pk": 3,
  "fields": {
    "updated_on": "2014-10-26T13:05:38.770Z",
    "prec_area": 2,
    "prec_number": "4",
    "created_on": "2014-10-26T13:05:38.769Z",
    "polling_location": "Traverse City Housing Comm, 10200 E. Carter Centre   (LEELANAU COUNTY)"
  },
  "model": "ballot.precinct"
},
{
  "pk": 4,
  "fields": {
    "updated_on": "2014-10-26T13:05:59.347Z",
    "prec_area": 2,
    "prec_number": "7",
    "created_on": "2014-10-26T13:05:59.344Z",
    "polling_location": "Traverse Heights School, 933 Rose St."
  },
  "model": "ballot.precinct"
},
{
  "pk": 5,
  "fields": {
    "updated_on": "2014-10-26T13:06:31.147Z",
    "prec_area": 2,
    "prec_number": "8",
    "created_on": "2014-10-26T13:06:31.145Z",
    "polling_location": "Civic Center, 1125 W. Civic Center Dr. "
  },
  "model": "ballot.precinct"
},
{
  "pk": 6,
  "fields": {
    "updated_on": "2014-10-26T13:06:42.579Z",
    "prec_area": 2,
    "prec_number": "9",
    "created_on": "2014-10-26T13:06:42.577Z",
    "polling_location": "Eastern School, 1600 Eastern Ave."
  },
  "model": "ballot.precinct"
},
{
  "pk": 7,
  "fields": {
    "updated_on": "2014-10-26T13:07:04.665Z",
    "prec_area": 2,
    "prec_number": "10",
    "created_on": "2014-10-26T13:07:04.663Z",
    "polling_location": "Glenn Loomis School, 1009 S. Oak St. "
  },
  "model": "ballot.precinct"
},
{
  "pk": 8,
  "fields": {
    "updated_on": "2014-10-26T13:07:44.928Z",
    "prec_area": 3,
    "prec_number": "1",
    "created_on": "2014-10-26T13:07:44.926Z",
    "polling_location": "Township Hall, 6042 Acme Rd., Acme"
  },
  "model": "ballot.precinct"
},
{
  "pk": 9,
  "fields": {
    "updated_on": "2014-10-26T13:07:57.533Z",
    "prec_area": 3,
    "prec_number": "2",
    "created_on": "2014-10-26T13:07:57.532Z",
    "polling_location": "Fire Station, 6042 Acme Rd., Acme"
  },
  "model": "ballot.precinct"
},
{
  "pk": 10,
  "fields": {
    "updated_on": "2014-10-26T13:08:19.602Z",
    "prec_area": 4,
    "prec_number": "1",
    "created_on": "2014-10-26T13:08:19.600Z",
    "polling_location": "Fire Station, 2121 County Road 633, Grawn"
  },
  "model": "ballot.precinct"
},
{
  "pk": 11,
  "fields": {
    "updated_on": "2014-10-26T13:08:26.664Z",
    "prec_area": 4,
    "prec_number": "2",
    "created_on": "2014-10-26T13:08:26.662Z",
    "polling_location": "Fire Station, 2121 County Road 633, Grawn"
  },
  "model": "ballot.precinct"
},
{
  "pk": 12,
  "fields": {
    "updated_on": "2014-10-26T13:08:33.127Z",
    "prec_area": 4,
    "prec_number": "3",
    "created_on": "2014-10-26T13:08:33.125Z",
    "polling_location": "Fire Station, 2121 County Road 633, Grawn"
  },
  "model": "ballot.precinct"
},
{
  "pk": 13,
  "fields": {
    "updated_on": "2014-10-26T13:08:56.938Z",
    "prec_area": 4,
    "prec_number": "4",
    "created_on": "2014-10-26T13:08:56.934Z",
    "polling_location": "Township Hall, 2121 County Road 633, Grawn"
  },
  "model": "ballot.precinct"
},
{
  "pk": 14,
  "fields": {
    "updated_on": "2014-10-26T13:09:15.632Z",
    "prec_area": 5,
    "prec_number": "1",
    "created_on": "2014-10-26T13:09:15.631Z",
    "polling_location": "Township Hall, 1965 N. Three Mile Rd."
  },
  "model": "ballot.precinct"
},
{
  "pk": 15,
  "fields": {
    "updated_on": "2014-10-26T13:09:22.485Z",
    "prec_area": 5,
    "prec_number": "4",
    "created_on": "2014-10-26T13:09:22.483Z",
    "polling_location": "Township Hall, 1965 N. Three Mile Rd."
  },
  "model": "ballot.precinct"
},
{
  "pk": 16,
  "fields": {
    "updated_on": "2014-10-26T13:09:39.877Z",
    "prec_area": 5,
    "prec_number": "2",
    "created_on": "2014-10-26T13:09:39.875Z",
    "polling_location": "Fire/Ambulance Station, 110 High Lake Rd"
  },
  "model": "ballot.precinct"
},
{
  "pk": 17,
  "fields": {
    "updated_on": "2014-10-26T13:09:46.145Z",
    "prec_area": 5,
    "prec_number": "3",
    "created_on": "2014-10-26T13:09:46.144Z",
    "polling_location": "Fire/Ambulance Station, 110 High Lake Rd"
  },
  "model": "ballot.precinct"
},
{
  "pk": 18,
  "fields": {
    "updated_on": "2014-10-26T13:10:02.932Z",
    "prec_area": 6,
    "prec_number": "1",
    "created_on": "2014-10-26T13:10:02.930Z",
    "polling_location": "Township Hall, 134 Morgan St., Fife Lake"
  },
  "model": "ballot.precinct"
},
{
  "pk": 19,
  "fields": {
    "updated_on": "2014-10-26T13:10:20.008Z",
    "prec_area": 7,
    "prec_number": "1",
    "created_on": "2014-10-26T13:10:20.005Z",
    "polling_location": "GT Metro Fire Station, 2025 East Silver Lake Rd. N."
  },
  "model": "ballot.precinct"
},
{
  "pk": 20,
  "fields": {
    "updated_on": "2014-10-26T13:10:36.803Z",
    "prec_area": 7,
    "prec_number": "2",
    "created_on": "2014-10-26T13:10:36.801Z",
    "polling_location": "Township Hall, 3848 Veterans Dr. "
  },
  "model": "ballot.precinct"
},
{
  "pk": 21,
  "fields": {
    "updated_on": "2014-10-26T13:10:51.152Z",
    "prec_area": 7,
    "prec_number": "3",
    "created_on": "2014-10-26T13:10:51.150Z",
    "polling_location": "Garfield Fire Hall, 3000 Albany St. "
  },
  "model": "ballot.precinct"
},
{
  "pk": 22,
  "fields": {
    "updated_on": "2014-10-26T13:11:04.525Z",
    "prec_area": 7,
    "prec_number": "4",
    "created_on": "2014-10-26T13:11:04.523Z",
    "polling_location": "Public Service Bldg, 2650 LaFranier Rd. "
  },
  "model": "ballot.precinct"
},
{
  "pk": 23,
  "fields": {
    "updated_on": "2014-10-26T13:11:20.611Z",
    "prec_area": 7,
    "prec_number": "5",
    "created_on": "2014-10-26T13:11:20.609Z",
    "polling_location": "First Christian Church, 3686 W. South Airport Rd."
  },
  "model": "ballot.precinct"
},
{
  "pk": 24,
  "fields": {
    "updated_on": "2014-10-26T13:11:35.856Z",
    "prec_area": 7,
    "prec_number": "6",
    "created_on": "2014-10-26T13:11:35.855Z",
    "polling_location": "Road Commission, 1881 LaFranier Rd. "
  },
  "model": "ballot.precinct"
},
{
  "pk": 25,
  "fields": {
    "updated_on": "2014-10-26T13:11:50.907Z",
    "prec_area": 8,
    "prec_number": "1",
    "created_on": "2014-10-26T13:11:50.903Z",
    "polling_location": "Township Hall, 8986 Davis Rd., Buckley "
  },
  "model": "ballot.precinct"
},
{
  "pk": 26,
  "fields": {
    "updated_on": "2014-10-26T13:12:24.089Z",
    "prec_area": 9,
    "prec_number": "1",
    "created_on": "2014-10-26T13:12:24.087Z",
    "polling_location": "Township Hall, 9394 10th St., Interlochen "
  },
  "model": "ballot.precinct"
},
{
  "pk": 27,
  "fields": {
    "updated_on": "2014-10-26T13:12:39.599Z",
    "prec_area": 9,
    "prec_number": "2",
    "created_on": "2014-10-26T13:12:39.597Z",
    "polling_location": "Interlochen Public Library, 9700 Riley Rd., Interlochen "
  },
  "model": "ballot.precinct"
},
{
  "pk": 28,
  "fields": {
    "updated_on": "2014-10-26T13:12:54.370Z",
    "prec_area": 10,
    "prec_number": "1",
    "created_on": "2014-10-26T13:12:54.368Z",
    "polling_location": "Long Lake Elementary School, 7600 North Long Lake Rd. "
  },
  "model": "ballot.precinct"
},
{
  "pk": 29,
  "fields": {
    "updated_on": "2014-10-26T13:13:20.950Z",
    "prec_area": 10,
    "prec_number": "2",
    "created_on": "2014-10-26T13:13:20.948Z",
    "polling_location": "Bay Pointe Church, 6880 Secor Rd"
  },
  "model": "ballot.precinct"
},
{
  "pk": 30,
  "fields": {
    "updated_on": "2014-10-26T13:13:29.743Z",
    "prec_area": 10,
    "prec_number": "3",
    "created_on": "2014-10-26T13:13:29.741Z",
    "polling_location": "Westwood Elementary School, 1500 Fisher Rd. "
  },
  "model": "ballot.precinct"
},
{
  "pk": 31,
  "fields": {
    "updated_on": "2014-10-26T13:14:09.896Z",
    "prec_area": 11,
    "prec_number": "1",
    "created_on": "2014-10-26T13:14:09.894Z",
    "polling_location": "Township Hall, 2991 W. Center Rd., Kingsley"
  },
  "model": "ballot.precinct"
},
{
  "pk": 32,
  "fields": {
    "updated_on": "2014-10-26T13:14:27.141Z",
    "prec_area": 12,
    "prec_number": "1",
    "created_on": "2014-10-26T13:14:27.139Z",
    "polling_location": "Township Hall, 2300 E. M-113, Kingsley "
  },
  "model": "ballot.precinct"
},
{
  "pk": 33,
  "fields": {
    "updated_on": "2014-10-26T13:14:35.762Z",
    "prec_area": 12,
    "prec_number": "2",
    "created_on": "2014-10-26T13:14:35.760Z",
    "polling_location": "Township Hall, 2300 E. M-113, Kingsley "
  },
  "model": "ballot.precinct"
},
{
  "pk": 34,
  "fields": {
    "updated_on": "2014-10-26T13:14:52.360Z",
    "prec_area": 13,
    "prec_number": "1",
    "created_on": "2014-10-26T13:14:52.357Z",
    "polling_location": "Township Hall, 13235 Center Rd."
  },
  "model": "ballot.precinct"
},
{
  "pk": 35,
  "fields": {
    "updated_on": "2014-10-26T13:15:09.910Z",
    "prec_area": 13,
    "prec_number": "2",
    "created_on": "2014-10-26T13:15:09.908Z",
    "polling_location": "Peninsula Fire Hall, 8150 Center Rd."
  },
  "model": "ballot.precinct"
},
{
  "pk": 36,
  "fields": {
    "updated_on": "2014-10-26T13:15:27.530Z",
    "prec_area": 14,
    "prec_number": "1",
    "created_on": "2014-10-26T13:15:27.527Z",
    "polling_location": "Township Hall, 5020 Fife Lake Rd., Fife Lake"
  },
  "model": "ballot.precinct"
},
{
  "pk": 37,
  "fields": {
    "updated_on": "2014-10-26T13:15:44.358Z",
    "prec_area": 15,
    "prec_number": "1",
    "created_on": "2014-10-26T13:15:44.355Z",
    "polling_location": "Township Hall, 5777 Vinton Rd., Williamsburg "
  },
  "model": "ballot.precinct"
},
{
  "pk": 1,
  "fields": {
    "govt_unit": 1,
    "updated_on": "2014-10-26T13:19:44.439Z",
    "precints": [
      8,
      9
    ],
    "created_on": "2014-10-24T00:37:22.634Z",
    "name": "Acme Township"
  },
  "model": "ballot.district"
},
{
  "pk": 2,
  "fields": {
    "govt_unit": 2,
    "updated_on": "2014-10-26T13:20:11.722Z",
    "precints": [
      10,
      11,
      12,
      13
    ],
    "created_on": "2014-10-26T13:20:11.718Z",
    "name": "Blair Township"
  },
  "model": "ballot.district"
},
{
  "pk": 3,
  "fields": {
    "govt_unit": 3,
    "updated_on": "2014-10-26T13:21:03.835Z",
    "precints": [
      14,
      16,
      17,
      15
    ],
    "created_on": "2014-10-26T13:21:03.829Z",
    "name": "East Bay Township"
  },
  "model": "ballot.district"
},
{
  "pk": 4,
  "fields": {
    "govt_unit": 5,
    "updated_on": "2014-10-26T13:21:26.743Z",
    "precints": [
      18
    ],
    "created_on": "2014-10-26T13:21:26.739Z",
    "name": "Village of Fife Lake"
  },
  "model": "ballot.district"
},
{
  "pk": 5,
  "fields": {
    "govt_unit": 4,
    "updated_on": "2014-10-26T13:21:45.600Z",
    "precints": [
      18
    ],
    "created_on": "2014-10-26T13:21:45.597Z",
    "name": "Fife Lake Township"
  },
  "model": "ballot.district"
},
{
  "pk": 6,
  "fields": {
    "govt_unit": 6,
    "updated_on": "2014-10-26T13:22:06.284Z",
    "precints": [
      19,
      20,
      21,
      22,
      23,
      24
    ],
    "created_on": "2014-10-26T13:22:06.280Z",
    "name": "Garfield Township"
  },
  "model": "ballot.district"
},
{
  "pk": 7,
  "fields": {
    "govt_unit": 8,
    "updated_on": "2014-10-26T13:22:45.289Z",
    "precints": [
      25
    ],
    "created_on": "2014-10-26T13:22:45.284Z",
    "name": "Grant Township"
  },
  "model": "ballot.district"
},
{
  "pk": 8,
  "fields": {
    "govt_unit": 7,
    "updated_on": "2014-10-26T13:23:08.979Z",
    "precints": [
      26,
      27
    ],
    "created_on": "2014-10-26T13:23:08.976Z",
    "name": "Green Lake Township"
  },
  "model": "ballot.district"
},
{
  "pk": 9,
  "fields": {
    "govt_unit": 10,
    "updated_on": "2014-10-26T13:23:28.784Z",
    "precints": [
      28,
      29,
      30
    ],
    "created_on": "2014-10-26T13:23:28.772Z",
    "name": "Long Lake Township"
  },
  "model": "ballot.district"
},
{
  "pk": 10,
  "fields": {
    "govt_unit": 11,
    "updated_on": "2014-10-26T13:23:54.791Z",
    "precints": [
      31
    ],
    "created_on": "2014-10-26T13:23:54.787Z",
    "name": "Mayfield Township"
  },
  "model": "ballot.district"
},
{
  "pk": 11,
  "fields": {
    "govt_unit": 12,
    "updated_on": "2014-10-26T13:24:20.398Z",
    "precints": [
      32,
      33
    ],
    "created_on": "2014-10-26T13:24:20.395Z",
    "name": "Paradise Township"
  },
  "model": "ballot.district"
},
{
  "pk": 12,
  "fields": {
    "govt_unit": 13,
    "updated_on": "2014-10-26T13:24:36.570Z",
    "precints": [
      34,
      35
    ],
    "created_on": "2014-10-26T13:24:36.567Z",
    "name": "Peninsula Township"
  },
  "model": "ballot.district"
},
{
  "pk": 13,
  "fields": {
    "govt_unit": 15,
    "updated_on": "2014-10-26T13:24:52.680Z",
    "precints": [
      36
    ],
    "created_on": "2014-10-26T13:24:52.677Z",
    "name": "Union Township"
  },
  "model": "ballot.district"
},
{
  "pk": 14,
  "fields": {
    "govt_unit": 16,
    "updated_on": "2014-10-26T13:25:05.487Z",
    "precints": [
      37
    ],
    "created_on": "2014-10-26T13:25:05.482Z",
    "name": "Whitewater Township"
  },
  "model": "ballot.district"
},
{
  "pk": 15,
  "fields": {
    "govt_unit": 17,
    "updated_on": "2014-10-26T13:29:15.101Z",
    "precints": [
      34,
      35,
      4,
      5,
      6
    ],
    "created_on": "2014-10-26T13:29:15.096Z",
    "name": "County Commissioner District 1"
  },
  "model": "ballot.district"
},
{
  "pk": 16,
  "fields": {
    "govt_unit": 17,
    "updated_on": "2014-10-26T13:31:38.384Z",
    "precints": [
      21,
      22,
      1,
      7,
      2
    ],
    "created_on": "2014-10-26T13:29:58.545Z",
    "name": "County Commissioner District 2"
  },
  "model": "ballot.district"
},
{
  "pk": 17,
  "fields": {
    "govt_unit": 17,
    "updated_on": "2014-10-26T14:24:45.714Z",
    "precints": [
      12,
      19,
      20,
      23,
      24
    ],
    "created_on": "2014-10-26T13:32:32.873Z",
    "name": "County Commissioner District 3"
  },
  "model": "ballot.district"
},
{
  "pk": 18,
  "fields": {
    "govt_unit": 17,
    "updated_on": "2014-10-26T13:33:11.228Z",
    "precints": [
      27,
      28,
      29,
      30
    ],
    "created_on": "2014-10-26T13:33:11.224Z",
    "name": "County Commissioner District 4"
  },
  "model": "ballot.district"
},
{
  "pk": 19,
  "fields": {
    "govt_unit": 17,
    "updated_on": "2014-10-26T13:34:07.736Z",
    "precints": [
      10,
      11,
      13,
      25,
      26,
      31
    ],
    "created_on": "2014-10-26T13:34:07.729Z",
    "name": "County Commissioner District 5"
  },
  "model": "ballot.district"
},
{
  "pk": 20,
  "fields": {
    "govt_unit": 17,
    "updated_on": "2014-10-26T13:35:00.761Z",
    "precints": [
      8,
      9,
      14,
      15,
      37
    ],
    "created_on": "2014-10-26T13:35:00.757Z",
    "name": "County Commissioner District 6"
  },
  "model": "ballot.district"
},
{
  "pk": 21,
  "fields": {
    "govt_unit": 17,
    "updated_on": "2014-10-26T13:36:16.173Z",
    "precints": [
      16,
      17,
      18,
      32,
      33,
      36
    ],
    "created_on": "2014-10-26T13:36:16.169Z",
    "name": "County Commissioner District 7"
  },
  "model": "ballot.district"
},
{
  "pk": 22,
  "fields": {
    "govt_unit": 18,
    "updated_on": "2014-10-26T13:42:36.183Z",
    "precints": [
      8,
      9,
      10,
      11,
      12,
      13,
      14,
      16,
      17,
      15,
      18,
      19,
      20,
      21,
      22,
      23,
      24,
      25,
      26,
      27,
      28,
      29,
      30,
      31,
      32,
      33,
      34,
      35,
      1,
      7,
      2,
      3,
      4,
      5,
      6,
      36,
      37
    ],
    "created_on": "2014-10-26T13:42:36.173Z",
    "name": "State of Michigan"
  },
  "model": "ballot.district"
},
{
  "pk": 23,
  "fields": {
    "govt_unit": 19,
    "updated_on": "2014-10-26T13:45:10.628Z",
    "precints": [
      8,
      9,
      10,
      11,
      12,
      13,
      14,
      16,
      17,
      15,
      18,
      19,
      20,
      21,
      22,
      23,
      24,
      25,
      26,
      27,
      28,
      29,
      30,
      31,
      32,
      33,
      34,
      35,
      1,
      7,
      2,
      3,
      4,
      5,
      6,
      36,
      37
    ],
    "created_on": "2014-10-26T13:45:10.619Z",
    "name": "State of Michigan (Federal)"
  },
  "model": "ballot.district"
},
{
  "pk": 24,
  "fields": {
    "govt_unit": 19,
    "updated_on": "2014-10-26T13:46:43.251Z",
    "precints": [
      8,
      9,
      10,
      11,
      12,
      13,
      14,
      16,
      17,
      15,
      18,
      19,
      20,
      21,
      22,
      23,
      24,
      25,
      26,
      27,
      28,
      29,
      30,
      31,
      32,
      33,
      34,
      35,
      1,
      7,
      2,
      3,
      4,
      5,
      6,
      36,
      37
    ],
    "created_on": "2014-10-26T13:46:43.242Z",
    "name": "1st Congressional District"
  },
  "model": "ballot.district"
},
{
  "pk": 25,
  "fields": {
    "govt_unit": 18,
    "updated_on": "2014-10-26T13:48:56.185Z",
    "precints": [
      8,
      9,
      10,
      11,
      12,
      13,
      14,
      16,
      17,
      15,
      18,
      19,
      20,
      21,
      22,
      23,
      24,
      25,
      26,
      27,
      28,
      29,
      30,
      31,
      32,
      33,
      34,
      35,
      1,
      7,
      2,
      3,
      4,
      5,
      6,
      36,
      37
    ],
    "created_on": "2014-10-26T13:48:56.177Z",
    "name": "37th State Senator District"
  },
  "model": "ballot.district"
},
{
  "pk": 26,
  "fields": {
    "govt_unit": 18,
    "updated_on": "2014-10-26T13:49:39.193Z",
    "precints": [
      8,
      9,
      10,
      11,
      12,
      13,
      14,
      16,
      17,
      15,
      18,
      19,
      20,
      21,
      22,
      23,
      24,
      25,
      26,
      27,
      28,
      29,
      30,
      31,
      32,
      33,
      34,
      35,
      1,
      7,
      2,
      3,
      4,
      5,
      6,
      36,
      37
    ],
    "created_on": "2014-10-26T13:49:39.185Z",
    "name": "104th State Representative District"
  },
  "model": "ballot.district"
},
{
  "pk": 27,
  "fields": {
    "govt_unit": 18,
    "updated_on": "2014-10-26T14:01:48.254Z",
    "precints": [
      8,
      9,
      10,
      11,
      12,
      13,
      14,
      16,
      17,
      15,
      18,
      19,
      20,
      21,
      22,
      23,
      24,
      25,
      26,
      27,
      28,
      29,
      30,
      31,
      32,
      33,
      34,
      35,
      1,
      7,
      2,
      3,
      4,
      5,
      6,
      36,
      37
    ],
    "created_on": "2014-10-26T14:01:48.244Z",
    "name": "Court of Appeals District IV"
  },
  "model": "ballot.district"
},
{
  "pk": 28,
  "fields": {
    "govt_unit": 18,
    "updated_on": "2014-10-26T14:02:45.645Z",
    "precints": [
      8,
      9,
      10,
      11,
      12,
      13,
      14,
      16,
      17,
      15,
      18,
      19,
      20,
      21,
      22,
      23,
      24,
      25,
      26,
      27,
      28,
      29,
      30,
      31,
      32,
      33,
      34,
      35,
      1,
      7,
      2,
      3,
      4,
      5,
      6,
      36,
      37
    ],
    "created_on": "2014-10-26T14:02:45.636Z",
    "name": "Circuit Court 13th District"
  },
  "model": "ballot.district"
},
{
  "pk": 29,
  "fields": {
    "govt_unit": 18,
    "updated_on": "2014-10-26T14:03:13.531Z",
    "precints": [
      8,
      9,
      10,
      11,
      12,
      13,
      14,
      16,
      17,
      15,
      18,
      19,
      20,
      21,
      22,
      23,
      24,
      25,
      26,
      27,
      28,
      29,
      30,
      31,
      32,
      33,
      34,
      35,
      1,
      7,
      2,
      3,
      4,
      5,
      6,
      36,
      37
    ],
    "created_on": "2014-10-26T14:03:13.524Z",
    "name": "District Court 86th District"
  },
  "model": "ballot.district"
},
{
  "pk": 30,
  "fields": {
    "govt_unit": 20,
    "updated_on": "2014-10-26T14:04:16.226Z",
    "precints": [
      8,
      9,
      10,
      11,
      12,
      13,
      14,
      16,
      17,
      15,
      18,
      19,
      20,
      21,
      22,
      23,
      24,
      25,
      26,
      27,
      28,
      29,
      30,
      31,
      32,
      33,
      34,
      35,
      1,
      7,
      2,
      3,
      4,
      5,
      6,
      36,
      37
    ],
    "created_on": "2014-10-26T14:04:16.218Z",
    "name": "Northwestern Michigan Collete"
  },
  "model": "ballot.district"
},
{
  "pk": 31,
  "fields": {
    "govt_unit": 9,
    "updated_on": "2014-10-26T14:05:53.979Z",
    "precints": [
      32,
      33
    ],
    "created_on": "2014-10-26T14:05:53.973Z",
    "name": "Village of Kingsley"
  },
  "model": "ballot.district"
},
{
  "pk": 2,
  "fields": {
    "updated_on": "2014-10-26T13:43:24.595Z",
    "district": 22,
    "created_on": "2014-10-26T13:43:24.592Z",
    "name": "Governor"
  },
  "model": "ballot.office"
},
{
  "pk": 3,
  "fields": {
    "updated_on": "2014-10-26T13:43:34.392Z",
    "district": 22,
    "created_on": "2014-10-26T13:43:34.390Z",
    "name": "Secretary of State"
  },
  "model": "ballot.office"
},
{
  "pk": 4,
  "fields": {
    "updated_on": "2014-10-26T13:43:45.070Z",
    "district": 22,
    "created_on": "2014-10-26T13:43:45.068Z",
    "name": "Attorney General"
  },
  "model": "ballot.office"
},
{
  "pk": 5,
  "fields": {
    "updated_on": "2014-10-26T13:45:34.230Z",
    "district": 23,
    "created_on": "2014-10-26T13:44:25.789Z",
    "name": "United States Senator"
  },
  "model": "ballot.office"
},
{
  "pk": 6,
  "fields": {
    "updated_on": "2014-10-26T13:47:01.307Z",
    "district": 24,
    "created_on": "2014-10-26T13:47:01.306Z",
    "name": "Representative in Congress"
  },
  "model": "ballot.office"
},
{
  "pk": 7,
  "fields": {
    "updated_on": "2014-10-26T13:49:04.641Z",
    "district": 25,
    "created_on": "2014-10-26T13:49:04.639Z",
    "name": "State Senator"
  },
  "model": "ballot.office"
},
{
  "pk": 8,
  "fields": {
    "updated_on": "2014-10-26T13:49:56.704Z",
    "district": 26,
    "created_on": "2014-10-26T13:49:56.702Z",
    "name": "Representative in State Legislature"
  },
  "model": "ballot.office"
},
{
  "pk": 9,
  "fields": {
    "updated_on": "2014-10-26T13:50:24.905Z",
    "district": 22,
    "created_on": "2014-10-26T13:50:24.903Z",
    "name": "Member of the State Board of Education"
  },
  "model": "ballot.office"
},
{
  "pk": 10,
  "fields": {
    "updated_on": "2014-10-26T13:50:41.822Z",
    "district": 22,
    "created_on": "2014-10-26T13:50:41.821Z",
    "name": "Regent of the University of Michigan"
  },
  "model": "ballot.office"
},
{
  "pk": 11,
  "fields": {
    "updated_on": "2014-10-26T13:51:07.786Z",
    "district": 22,
    "created_on": "2014-10-26T13:51:07.785Z",
    "name": "Trustee of Michigan State University"
  },
  "model": "ballot.office"
},
{
  "pk": 12,
  "fields": {
    "updated_on": "2014-10-26T13:51:33.941Z",
    "district": 22,
    "created_on": "2014-10-26T13:51:33.939Z",
    "name": "Governor of Wayne Statue University"
  },
  "model": "ballot.office"
},
{
  "pk": 13,
  "fields": {
    "updated_on": "2014-10-26T13:52:04.818Z",
    "district": 15,
    "created_on": "2014-10-26T13:52:04.816Z",
    "name": "County Commissioner"
  },
  "model": "ballot.office"
},
{
  "pk": 14,
  "fields": {
    "updated_on": "2014-10-26T13:52:15.815Z",
    "district": 16,
    "created_on": "2014-10-26T13:52:15.813Z",
    "name": "County Commissioner"
  },
  "model": "ballot.office"
},
{
  "pk": 15,
  "fields": {
    "updated_on": "2014-10-26T13:52:24.933Z",
    "district": 17,
    "created_on": "2014-10-26T13:52:24.930Z",
    "name": "County Commissioner"
  },
  "model": "ballot.office"
},
{
  "pk": 16,
  "fields": {
    "updated_on": "2014-10-26T13:52:34.372Z",
    "district": 18,
    "created_on": "2014-10-26T13:52:34.370Z",
    "name": "County Commissioner"
  },
  "model": "ballot.office"
},
{
  "pk": 17,
  "fields": {
    "updated_on": "2014-10-26T13:52:43.147Z",
    "district": 19,
    "created_on": "2014-10-26T13:52:43.145Z",
    "name": "County Commissioner"
  },
  "model": "ballot.office"
},
{
  "pk": 18,
  "fields": {
    "updated_on": "2014-10-26T13:52:51.722Z",
    "district": 20,
    "created_on": "2014-10-26T13:52:51.720Z",
    "name": "County Commissioner"
  },
  "model": "ballot.office"
},
{
  "pk": 19,
  "fields": {
    "updated_on": "2014-10-26T13:53:02.430Z",
    "district": 21,
    "created_on": "2014-10-26T13:53:02.428Z",
    "name": "County Commissioner"
  },
  "model": "ballot.office"
},
{
  "pk": 20,
  "fields": {
    "updated_on": "2014-10-26T13:53:20.227Z",
    "district": 1,
    "created_on": "2014-10-26T13:53:20.225Z",
    "name": "Clerk"
  },
  "model": "ballot.office"
},
{
  "pk": 21,
  "fields": {
    "updated_on": "2014-10-26T13:53:31.080Z",
    "district": 1,
    "created_on": "2014-10-26T13:53:31.078Z",
    "name": "Treasurer"
  },
  "model": "ballot.office"
},
{
  "pk": 22,
  "fields": {
    "updated_on": "2014-10-26T13:53:42.999Z",
    "district": 3,
    "created_on": "2014-10-26T13:53:42.997Z",
    "name": "Park Commissioner"
  },
  "model": "ballot.office"
},
{
  "pk": 23,
  "fields": {
    "updated_on": "2014-10-26T13:53:58.236Z",
    "district": 8,
    "created_on": "2014-10-26T13:53:58.234Z",
    "name": "Clerk"
  },
  "model": "ballot.office"
},
{
  "pk": 24,
  "fields": {
    "updated_on": "2014-10-26T13:54:09.738Z",
    "district": 12,
    "created_on": "2014-10-26T13:54:09.736Z",
    "name": "Supervisor"
  },
  "model": "ballot.office"
},
{
  "pk": 25,
  "fields": {
    "updated_on": "2014-10-26T13:54:22.047Z",
    "district": 13,
    "created_on": "2014-10-26T13:54:22.046Z",
    "name": "Trustee"
  },
  "model": "ballot.office"
},
{
  "pk": 26,
  "fields": {
    "updated_on": "2014-10-26T13:54:33.960Z",
    "district": 5,
    "created_on": "2014-10-26T13:54:33.957Z",
    "name": "Library Board Director"
  },
  "model": "ballot.office"
},
{
  "pk": 27,
  "fields": {
    "updated_on": "2014-10-26T13:54:55.045Z",
    "district": 12,
    "created_on": "2014-10-26T13:54:55.043Z",
    "name": "Library Board Director"
  },
  "model": "ballot.office"
},
{
  "pk": 28,
  "fields": {
    "updated_on": "2014-10-26T13:56:57.378Z",
    "district": 22,
    "created_on": "2014-10-26T13:56:57.376Z",
    "name": "Justice of Supreme Court"
  },
  "model": "ballot.office"
},
{
  "pk": 29,
  "fields": {
    "updated_on": "2014-10-26T13:57:18.258Z",
    "district": 22,
    "created_on": "2014-10-26T13:57:18.256Z",
    "name": "Justice of Supreme Court - Incumbent Position"
  },
  "model": "ballot.office"
},
{
  "pk": 30,
  "fields": {
    "updated_on": "2014-10-26T14:02:17.460Z",
    "district": 27,
    "created_on": "2014-10-26T14:02:17.458Z",
    "name": "Judge of Court of Appeals"
  },
  "model": "ballot.office"
},
{
  "pk": 31,
  "fields": {
    "updated_on": "2014-10-26T14:03:30.467Z",
    "district": 29,
    "created_on": "2014-10-26T14:03:30.464Z",
    "name": "District Court Judge"
  },
  "model": "ballot.office"
},
{
  "pk": 32,
  "fields": {
    "updated_on": "2014-10-26T14:04:37.093Z",
    "district": 30,
    "created_on": "2014-10-26T14:04:37.091Z",
    "name": "Trustee of Northwestern Michigan College"
  },
  "model": "ballot.office"
},
{
  "pk": 33,
  "fields": {
    "updated_on": "2014-10-26T14:04:55.445Z",
    "district": 4,
    "created_on": "2014-10-26T14:04:55.441Z",
    "name": "President"
  },
  "model": "ballot.office"
},
{
  "pk": 34,
  "fields": {
    "updated_on": "2014-10-26T14:06:00.910Z",
    "district": 31,
    "created_on": "2014-10-26T14:06:00.909Z",
    "name": "President"
  },
  "model": "ballot.office"
},
{
  "pk": 35,
  "fields": {
    "updated_on": "2014-10-26T14:06:57.773Z",
    "district": 4,
    "created_on": "2014-10-26T14:06:57.770Z",
    "name": "Treasurer"
  },
  "model": "ballot.office"
},
{
  "pk": 36,
  "fields": {
    "updated_on": "2014-10-26T14:07:34.250Z",
    "district": 4,
    "created_on": "2014-10-26T14:07:06.099Z",
    "name": "Trustee (2yr)"
  },
  "model": "ballot.office"
},
{
  "pk": 37,
  "fields": {
    "updated_on": "2014-10-26T14:07:46.541Z",
    "district": 4,
    "created_on": "2014-10-26T14:07:46.539Z",
    "name": "Trustee (4yr)"
  },
  "model": "ballot.office"
},
{
  "pk": 38,
  "fields": {
    "updated_on": "2014-10-26T14:08:07.979Z",
    "district": 31,
    "created_on": "2014-10-26T14:08:07.977Z",
    "name": "Trustee"
  },
  "model": "ballot.office"
},
{
  "pk": 2,
  "fields": {
    "updated_on": "2014-10-26T14:08:54.980Z",
    "votes_allowed": 1,
    "office": 2,
    "created_on": "2014-10-26T14:08:54.976Z",
    "election": 1
  },
  "model": "ballot.race"
},
{
  "pk": 3,
  "fields": {
    "updated_on": "2014-10-26T14:09:04.658Z",
    "votes_allowed": 1,
    "office": 3,
    "created_on": "2014-10-26T14:09:04.654Z",
    "election": 1
  },
  "model": "ballot.race"
},
{
  "pk": 4,
  "fields": {
    "updated_on": "2014-10-26T14:09:13.378Z",
    "votes_allowed": 1,
    "office": 4,
    "created_on": "2014-10-26T14:09:13.374Z",
    "election": 1
  },
  "model": "ballot.race"
},
{
  "pk": 5,
  "fields": {
    "updated_on": "2014-10-26T14:09:53.460Z",
    "votes_allowed": 1,
    "office": 5,
    "created_on": "2014-10-26T14:09:53.455Z",
    "election": 1
  },
  "model": "ballot.race"
},
{
  "pk": 6,
  "fields": {
    "updated_on": "2014-10-26T14:10:27.462Z",
    "votes_allowed": 1,
    "office": 6,
    "created_on": "2014-10-26T14:10:27.458Z",
    "election": 1
  },
  "model": "ballot.race"
},
{
  "pk": 7,
  "fields": {
    "updated_on": "2014-10-26T14:10:42.354Z",
    "votes_allowed": 1,
    "office": 7,
    "created_on": "2014-10-26T14:10:42.350Z",
    "election": 1
  },
  "model": "ballot.race"
},
{
  "pk": 8,
  "fields": {
    "updated_on": "2014-10-26T14:10:52.070Z",
    "votes_allowed": 1,
    "office": 8,
    "created_on": "2014-10-26T14:10:52.067Z",
    "election": 1
  },
  "model": "ballot.race"
},
{
  "pk": 9,
  "fields": {
    "updated_on": "2014-10-26T14:11:26.954Z",
    "votes_allowed": 2,
    "office": 9,
    "created_on": "2014-10-26T14:11:13.744Z",
    "election": 1
  },
  "model": "ballot.race"
},
{
  "pk": 10,
  "fields": {
    "updated_on": "2014-10-26T14:11:53.108Z",
    "votes_allowed": 2,
    "office": 10,
    "created_on": "2014-10-26T14:11:53.104Z",
    "election": 1
  },
  "model": "ballot.race"
},
{
  "pk": 11,
  "fields": {
    "updated_on": "2014-10-26T14:12:06.043Z",
    "votes_allowed": 2,
    "office": 11,
    "created_on": "2014-10-26T14:12:06.040Z",
    "election": 1
  },
  "model": "ballot.race"
},
{
  "pk": 12,
  "fields": {
    "updated_on": "2014-10-26T23:48:05.946Z",
    "votes_allowed": 1,
    "office": 20,
    "created_on": "2014-10-26T23:48:05.942Z",
    "election": 1
  },
  "model": "ballot.race"
},
{
  "pk": 2,
  "fields": {
    "party": 1,
    "name": "Rick Snyder",
    "incumbent": true,
    "race": 2,
    "updated_on": "2014-10-26T14:13:38.052Z",
    "url": "",
    "created_on": "2014-10-26T14:13:38.049Z",
    "ticket_mate": "Brian Nelson Calley "
  },
  "model": "ballot.candidate"
},
{
  "pk": 3,
  "fields": {
    "party": 2,
    "name": "Mark Schauer",
    "incumbent": false,
    "race": 2,
    "updated_on": "2014-10-26T14:14:07.941Z",
    "url": "",
    "created_on": "2014-10-26T14:14:07.937Z",
    "ticket_mate": "Lisa Brown"
  },
  "model": "ballot.candidate"
},
{
  "pk": 4,
  "fields": {
    "party": 3,
    "name": "Mary Buzuma",
    "incumbent": false,
    "race": 2,
    "updated_on": "2014-10-26T14:14:40.599Z",
    "url": "",
    "created_on": "2014-10-26T14:14:40.593Z",
    "ticket_mate": "Scotty Boman"
  },
  "model": "ballot.candidate"
},
{
  "pk": 5,
  "fields": {
    "party": 6,
    "name": "Mark McFarlin",
    "incumbent": false,
    "race": 2,
    "updated_on": "2014-10-26T14:17:14.255Z",
    "url": "",
    "created_on": "2014-10-26T14:17:14.252Z",
    "ticket_mate": "Richard Mendoza"
  },
  "model": "ballot.candidate"
},
{
  "pk": 6,
  "fields": {
    "party": 4,
    "name": "Paul Homeniuk",
    "incumbent": false,
    "race": 2,
    "updated_on": "2014-10-26T14:17:54.732Z",
    "url": "",
    "created_on": "2014-10-26T14:17:54.729Z",
    "ticket_mate": "Candace R. Caveny"
  },
  "model": "ballot.candidate"
},
{
  "pk": 7,
  "fields": {
    "party": 1,
    "name": "Cathy L. Dye",
    "incumbent": true,
    "race": 12,
    "updated_on": "2014-10-26T23:48:33.350Z",
    "url": "",
    "created_on": "2014-10-26T23:48:33.347Z",
    "ticket_mate": ""
  },
  "model": "ballot.candidate"
},
{
  "pk": 8,
  "fields": {
    "party": 1,
    "name": "Ruth Johnson",
    "incumbent": false,
    "race": 4,
    "updated_on": "2014-10-26T23:49:38.581Z",
    "url": "",
    "created_on": "2014-10-26T23:49:38.578Z",
    "ticket_mate": ""
  },
  "model": "ballot.candidate"
},
{
  "pk": 9,
  "fields": {
    "party": 2,
    "name": "Godfrey Dillard",
    "incumbent": false,
    "race": 4,
    "updated_on": "2014-10-26T23:49:52.145Z",
    "url": "",
    "created_on": "2014-10-26T23:49:52.141Z",
    "ticket_mate": ""
  },
  "model": "ballot.candidate"
},
{
  "pk": 10,
  "fields": {
    "party": 3,
    "name": "James Lewis",
    "incumbent": false,
    "race": 4,
    "updated_on": "2014-10-26T23:50:04.661Z",
    "url": "",
    "created_on": "2014-10-26T23:50:04.657Z",
    "ticket_mate": ""
  },
  "model": "ballot.candidate"
},
{
  "pk": 11,
  "fields": {
    "party": 6,
    "name": "Robert Gale",
    "incumbent": false,
    "race": 4,
    "updated_on": "2014-10-26T23:50:16.536Z",
    "url": "",
    "created_on": "2014-10-26T23:50:16.531Z",
    "ticket_mate": ""
  },
  "model": "ballot.candidate"
},
{
  "pk": 12,
  "fields": {
    "party": 7,
    "name": "Jason Robert Gatties",
    "incumbent": false,
    "race": 4,
    "updated_on": "2014-10-26T23:50:34.802Z",
    "url": "",
    "created_on": "2014-10-26T23:50:34.798Z",
    "ticket_mate": ""
  },
  "model": "ballot.candidate"
}
]
